{
  "fb91de9e489ee057d8655b0cb7f797ec2b8ce50b.jpg": {
    "title": "Appsbefore.jpg",
    "description": "Apps after AAPS is installed",
    "tags": []
  },
  "ae25f65abf33125b1483b2f9e311d35fe54b05aa.jpg": {
    "title": "Play Store Homescreen.jpg",
    "description": "Image of Home Screen with Play Store App.",
    "tags": []
  },
  "38d08f46317e8b9be1e26f0f2fcd2ebcddbdd59e.webp": {
    "title": "GitHub Login.webp",
    "description": "GitHub Login Screen",
    "tags": []
  },
  "2827ddafa45d9aad3c54f4ff581d046699e015fa.png": {
    "title": "GitHub-logo.png",
    "description": "GitHub Icon",
    "tags": []
  },
  "1af3b385ef724293b95a59b5ee71f09930d9d0af.webp": {
    "title": "Github create account.webp",
    "description": "GitHub Create Account",
    "tags": []
  },
  "9348e2c8bcd9b594587034f0f66906a5e2335964.jpeg": {
    "title": "Github Old Dashboard.jpeg",
    "description": "GitHub Old Dashboard",
    "tags": []
  },
  "6c3f4219f92413e6a52e142af1434e6c228153b2.webp": {
    "title": "Github new dashboard.webp",
    "description": "GitHub New Dashboard",
    "tags": []
  },
  "cc36ad247691374600db955e57345807efb83a76.jpeg": {
    "title": "Github Fork.jpeg",
    "description": "Master AAPS Code",
    "tags": []
  },
  "d10b6dfc01d57ab4f5a5f8dd1dfbbd5e0640f225.jpg": {
    "title": "Play Store icon with words.jpg",
    "description": "Play Store icon with words",
    "tags": []
  },
  "c8321c34885b1e12ba6250e0b60a07785e968058.jpeg": {
    "title": "Github Fork - highlight.jpeg",
    "description": "GitHub with Fork icon highlighted",
    "tags": []
  },
  "bba9372cd0d87aff26fcc4ab03199c9fae92c411.webp": {
    "title": "Create Fork.webp",
    "description": "Create Fork",
    "tags": []
  },
  "7811bf113467debf12ff2e367c3e0c73dd4587cf.jpeg": {
    "title": "MyAAPS.jpeg",
    "description": "My AAPS with highlights",
    "tags": []
  },
  "fcf35b3fa10a82df848147c62d6a73327691099d.jpg": {
    "title": "browser prep file download.jpg",
    "description": "Browser downloads Preparation File",
    "tags": []
  },
  "900dc553485311bb829fe77cdbc04f9914a954c8.webp": {
    "title": "File Manager Plus (2).webp",
    "description": "File Manager Plus with downloads",
    "tags": []
  },
  "7822bcef6c1149ecac64c3ffc60a670e18be052c.webp": {
    "title": "Chrome generate JKS.webp",
    "description": "Generate JKS",
    "tags": []
  },
  "87dc92d7f12e20f18c9350a835794db0bb143636.webp": {
    "title": "Settings.webp",
    "description": "GitHub Settings",
    "tags": []
  },
  "630b8651ebf51e1695490fecea0b40ad474a2aaf.webp": {
    "title": "Secrets and Variables.webp",
    "description": "GitHub Secrets and Variables",
    "tags": []
  },
  "434b06d09fea79a96393b2e995f27fa299198bac.webp": {
    "title": "Actions.webp",
    "description": "GitHub Secrets Actions",
    "tags": []
  },
  "32554583c6cbd68d2308601d8187fcaa1877e5fb.webp": {
    "title": "New Repository Secret.webp",
    "description": "GitHub New Repository Secret",
    "tags": []
  },
  "b35b5ef419deb4bb5c5561815c039816a0b73d99.webp": {
    "title": "Copy Key.webp",
    "description": "Preparation File Copy Keystore_set: name",
    "tags": []
  },
  "82ca686d2ec5d78266e0d2ea6ec305e222aa9145.webp": {
    "title": "Name Complete.webp",
    "description": "Paste KEYSTORE_SET name in GitHub",
    "tags": []
  },
  "099fef3b281aaa808a9da0dad8e3ab7069eeec8b.webp": {
    "title": "JKS Copy.webp",
    "description": "Copy generated JKS code from Preparation File",
    "tags": []
  },
  "6fb391e551a6ae2dbe8b9427b32e146598051888.webp": {
    "title": "Add Secret.webp",
    "description": "Paste generated JKS code into GitHub and Add Secret",
    "tags": []
  },
  "5c4c3692ad09cc6610b57e5d23d36ae840614477.webp": {
    "title": "Secrets List 1.webp",
    "description": "Secrets list with only generated JKS",
    "tags": []
  },
  "78ab9c507915e03bb5359ca4b213820022ea4f2b.jpg": {
    "title": "girls_whispering_best_friends.jpg",
    "description": "Girls with Secrets",
    "tags": []
  },
  "558908326e15a64fded8057faf78c77a1b73993c.webp": {
    "title": "ChooseFile.webp",
    "description": "Choose JKS File",
    "tags": []
  },
  "70bdc4ef7b4e9d20a2e3f3c64285f3cbcb0a2bb4.webp": {
    "title": "JKSDrive.webp",
    "description": "JKS in Google Drive",
    "tags": []
  },
  "5643ce274b46747a112ea958473df72e4a1130fc.webp": {
    "title": "Filled JKS.webp",
    "description": "Preparation File with Imported JKS",
    "tags": []
  },
  "28bb7d42fc545f9c3f6a43086d856d792d5fb7cf.webp": {
    "title": "KEYSTORE_BASE64copy.webp",
    "description": "Preparation File KEYSTORE_BASE64 copy",
    "tags": []
  },
  "30177a2a711f503d06f131fb98141f8a3f025e7e.webp": {
    "title": "Name KEYSTORE_BASE64 paste.webp",
    "description": "GitHub paste of KEYSTORE_BASE64 Name",
    "tags": []
  },
  "5d4f7bf7abdc80f946299ce8d2f9fe9e3033c598.webp": {
    "title": "keystorecopy.webp",
    "description": "Copy imported JKS Code from Preparation File",
    "tags": []
  },
  "3bdf53f820925d25704cf8f9e9542d5e9643fc67.webp": {
    "title": "keystorepaste.webp",
    "description": "Paste imported JKS code into GitHub secret",
    "tags": []
  },
  "18e333fc5c2b987998ed823acc85b6ef1f847ae0.webp": {
    "title": "NewSecret2.webp",
    "description": "Add a second GitHub Secret",
    "tags": []
  },
  "836855666d7a24910799a701398745a4f864079e.webp": {
    "title": "KEYSTORE_PASSWORD Copy.webp",
    "description": "Copy KEYSTORE_PASSWORD name from Preparation File",
    "tags": []
  },
  "d6127dcc60ff7fbc8e560ee44fe689afd2ecdaab.webp": {
    "title": "KEYSTORE_PASSWORD Paste.webp",
    "description": "Paste the KEYSTORE_PASSWORD name into the GitHub secret",
    "tags": []
  },
  "c9bb2ec611ef7d877be846cb9786c41faa0a3e64.webp": {
    "title": "KEYSTORE_ALIAS Copy.webp",
    "description": "Copy KEY_ALIAS from Preparation File",
    "tags": []
  },
  "366d8bb46c89bc77fd444135b478e58aa2a67ae7.webp": {
    "title": "Keystore_ALIAS Paste.webp",
    "description": "Paste KEY_ALIAS in GitHub secret",
    "tags": []
  },
  "f1b310344d7dad7fcf9056657ea4be98fdf3d17a.webp": {
    "title": "NewSecret4.webp",
    "description": "Add a fourth Secret to GitHub",
    "tags": []
  },
  "0bc5780bedf3a3d5e0610d073a378a03650d66f9.webp": {
    "title": "KEY_PASSWORD Copy.webp",
    "description": "Copy KEY_PASSWORD name from Preparation File",
    "tags": []
  },
  "7fb05c29e40644845b3b439404916a4004d2648c.webp": {
    "title": "KEY_PASSWORD Paste.webp",
    "description": "Save the KEY_PASSWORD secret",
    "tags": []
  },
  "4fb49f25ca6b972ce706cce68106d7ff66ab3da2.jpg": {
    "title": "Secrets 4 short.jpg",
    "description": "Secrets 4 short",
    "tags": []
  },
  "1c1d6c3879bef2f8ea3e3797ae7a7f3ac48fff0a.webp": {
    "title": "StartAuth.webp",
    "description": "Start authentication of Google Drive in Preparation File",
    "tags": []
  },
  "32ff5b869df515214fc04893a48d3a0a91ffdcb1.webp": {
    "title": "SelectAccount.webp",
    "description": "Select Google Drive account",
    "tags": []
  },
  "06f995e61b70609b708ededf6ef5a1fa692419c8.webp": {
    "title": "CopyGDRIVE.webp",
    "description": "Copy GRIVE Name from the Preparation File",
    "tags": []
  },
  "2b20a87d31160e2d3287dd1bfa0db537c6c6076f.webp": {
    "title": "NewSecretList.webp",
    "description": "Add a new GitHub secret for GDRIVE",
    "tags": []
  },
  "c05cf24dd58c5699767626f6b54343feb0c2955e.webp": {
    "title": "New Secret Name.webp",
    "description": "GDRIVE secret name in GitHub",
    "tags": []
  },
  "1490c73c4a7972d093a5b1193139e55fb6f2e099.webp": {
    "title": "Copykey.webp",
    "description": "Copy GDrive Secret Key from Preparation File",
    "tags": []
  },
  "43fa4ab08c285312c977412bd49eb853e02111de.webp": {
    "title": "Addgdrivesecret.webp",
    "description": "Adding the GDrive Authorization secret",
    "tags": []
  },
  "0c66c9574c96f699d7900c7b0b72f3bf7dbac92b.jpg": {
    "title": "Secrets Full List short.jpg",
    "description": "Full list of all GitHub secrets for current users",
    "tags": []
  },
  "0d03cbfe08eb9946845d45c5575d34345441bcd8.jpg": {
    "title": "Add Secret 3 short.jpg",
    "description": "Add Secret 3 Short",
    "tags": []
  },
  "7ffc689c32c63472d54b8cd8aec6e850a9637198.jpg": {
    "title": "Running the Workflow.jpg",
    "description": "Full Running the Workflow Image",
    "tags": []
  },
  "db543bb63458cd3a9910cf031132375b2a03d8cc.webp": {
    "title": "Branch.webp",
    "description": "Branch and Build Variant Selection",
    "tags": []
  },
  "53abeea078d55fe584d96796276397168aeb0043.webp": {
    "title": "running.webp",
    "description": "Confirmation that Workflow is run is requested",
    "tags": []
  },
  "8143fd4ffba6e9897c6f68987156d2279e20a80f.jpg": {
    "title": "Appssingleline.jpg",
    "description": "Apps Single Line",
    "tags": []
  },
  "5273c7652e7d3fa7a17cfb2e764b524697ba085b.jpg": {
    "title": "Google Drive showing AAPS.jpg",
    "description": "Google Drive showing AAPS",
    "tags": []
  },
  "41c690c13a1d200474746076511223775667b0f3.jpg": {
    "title": "AAPS Folder Contents.jpg",
    "description": "AAPS Folder Contents",
    "tags": []
  },
  "7856582aff77991dd15148401f7246992b089f0c.jpg": {
    "title": "Version Number folder contents.jpg",
    "description": "Version Number folder contents",
    "tags": []
  },
  "5a6ed5083ad3364a9db897fdd07bd0faa4071926.jpg": {
    "title": "Ask Permissions.jpg",
    "description": "Ask Permission to install from Google Drive Cropped",
    "tags": []
  },
  "e087de66d91866789060558d01f3da5893ca763f.jpg": {
    "title": "Grant Permissions cropped.jpg",
    "description": "Grant Permissions to install from Google Drive short",
    "tags": []
  },
  "401690583c23b7a5ef977090bc1a8af911e1089f.jpg": {
    "title": "Congrats with Text.jpg",
    "description": "Congrats with Text",
    "tags": []
  },
  "4d87a2dcc5873acfcc714649bbe008157d633c65.jpg": {
    "title": "AAPS long.jpg",
    "description": "AAPS Long icon",
    "tags": []
  },
  "9a8ac133ed9ae5cd2a0f1a1a86961103507b7122.jpg": {
    "title": "architecture_build_construction_site.jpg",
    "description": "Build Construction Equipment",
    "tags": []
  },
  "dfc5df63daeadcbbeaf6ff431f5e10a47e17553c.jpg": {
    "title": "File Manager Plus Cropped.jpg",
    "description": "File Manager Plus Cropped",
    "tags": []
  },
  "615a9b2aa11c0f6a490b6199fbe41f59d0259b19.jpg": {
    "title": "Google Drive Cropped.jpg",
    "description": "Google Drive Cropped",
    "tags": []
  }
}